input,text
"Generate Ad Copy for product: cutting-edge, category: cutting-edge, audience: general, tone: persuasive",Revolutionize your daily life with cutting-edge Fitness.
"Generate Product Description for product: 70%, category: 70%, audience: general, tone: professional","Crafted with care, this Fashion suits every lifestyle."
"Generate Product Description for product: of, category: of, audience: general, tone: professional","Versatile and affordable, this Fashion is a customer favorite."
"Generate Product Description for product: click, category: click, audience: general, tone: professional",This Toys is designed for performance and comfort. Perfect for daily use.
"Generate Ad Copy for product: for, category: for, audience: general, tone: persuasive",Exclusive deals on Fitness – only for today!
"Generate Product Description for product: click, category: click, audience: general, tone: professional",Redefine convenience with this top-quality Sports.
"Generate Ad Copy for product: cutting-edge, category: cutting-edge, audience: general, tone: persuasive",Revolutionize your daily life with cutting-edge Sports.
"Generate Ad Copy for product: top-rated, category: top-rated, audience: general, tone: persuasive",Level up your experience with top-rated Toys.
"Generate Ad Copy for product: it’s, category: it’s, audience: general, tone: persuasive",Best-selling Fashion just got better. Hurry before it’s gone!
"Generate Ad Copy for product: 70%, category: 70%, audience: general, tone: persuasive",Flash Sale! Sports at up to 70% off!
"Generate Product Description for product: Home, category: Home, audience: general, tone: professional",A must-have Home Decor for enthusiasts and professionals alike.
"Generate Ad Copy for product: top-rated, category: top-rated, audience: general, tone: persuasive",Level up your experience with top-rated Automotive.
"Generate Product Description for product: it’s, category: it’s, audience: general, tone: professional",Experience the difference with this advanced Home Decor.
"Generate Product Description for product: for, category: for, audience: general, tone: professional","Built to last, this Fitness ensures satisfaction."
"Generate Product Description for product: for, category: for, audience: general, tone: professional",This Books is designed for performance and comfort. Perfect for daily use.
"Generate Product Description for product: of, category: of, audience: general, tone: professional",This Electronics is designed for performance and comfort. Perfect for daily use.
"Generate Ad Copy for product: top-rated, category: top-rated, audience: general, tone: persuasive",Level up your experience with top-rated Fashion.
"Generate Product Description for product: top-rated, category: top-rated, audience: general, tone: professional","Lightweight, powerful, and sleek – this Groceries has it all."
"Generate Ad Copy for product: next-day, category: next-day, audience: general, tone: persuasive",Why wait? Shop Gaming with next-day delivery!
"Generate Ad Copy for product: it’s, category: it’s, audience: general, tone: persuasive",Best-selling Home Decor just got better. Hurry before it’s gone!
"Generate Ad Copy for product: 70%, category: 70%, audience: general, tone: persuasive",Flash Sale! Fashion at up to 70% off!
"Generate Product Description for product: save, category: save, audience: general, tone: professional",This Home Decor is designed for performance and comfort. Perfect for daily use.
"Generate Ad Copy for product: of, category: of, audience: general, tone: persuasive",Get more for less with our new range of Sports!
"Generate Product Description for product: it’s, category: it’s, audience: general, tone: professional","Crafted with care, this Accessories suits every lifestyle."
"Generate Ad Copy for product: click, category: click, audience: general, tone: persuasive",Your dream Books is just a click away!
"Generate Ad Copy for product: top-rated, category: top-rated, audience: general, tone: persuasive",Level up your experience with top-rated Books.
"Generate Ad Copy for product: click, category: click, audience: general, tone: persuasive",Your dream Home Decor is just a click away!
"Generate Product Description for product: 70%, category: 70%, audience: general, tone: professional","Versatile and affordable, this Gaming is a customer favorite."
"Generate Ad Copy for product: it’s, category: it’s, audience: general, tone: persuasive",Best-selling Electronics just got better. Hurry before it’s gone!
"Generate Ad Copy for product: next-day, category: next-day, audience: general, tone: persuasive",Why wait? Shop Books with next-day delivery!
"Generate Product Description for product: cutting-edge, category: cutting-edge, audience: general, tone: professional","Built to last, this Books ensures satisfaction."
"Generate Ad Copy for product: limited-time, category: limited-time, audience: general, tone: persuasive","Discover the latest in Automotive! Unbeatable prices, limited-time offer!"
"Generate Ad Copy for product: click, category: click, audience: general, tone: persuasive",Your dream Pet Supplies is just a click away!
"Generate Product Description for product: click, category: click, audience: general, tone: professional","Crafted with care, this Home Decor suits every lifestyle."
"Generate Product Description for product: next-day, category: next-day, audience: general, tone: professional","Built to last, this Automotive ensures satisfaction."
"Generate Product Description for product: next-day, category: next-day, audience: general, tone: professional","Made from premium materials, this Automotive combines style and durability."
"Generate Ad Copy for product: of, category: of, audience: general, tone: persuasive",Get more for less with our new range of Automotive!
"Generate Ad Copy for product: next-day, category: next-day, audience: general, tone: persuasive",Why wait? Shop Home Decor with next-day delivery!
"Generate Ad Copy for product: for, category: for, audience: general, tone: persuasive",Exclusive deals on Accessories – only for today!
"Generate Product Description for product: for, category: for, audience: general, tone: professional","Made from premium materials, this Toys combines style and durability."
"Generate Product Description for product: for, category: for, audience: general, tone: professional","Crafted with care, this Accessories suits every lifestyle."
"Generate Ad Copy for product: next-day, category: next-day, audience: general, tone: persuasive",Why wait? Shop Fitness with next-day delivery!
"Generate Ad Copy for product: for, category: for, audience: general, tone: persuasive",Exclusive deals on Fashion – only for today!
"Generate Product Description for product: it’s, category: it’s, audience: general, tone: professional",This Beauty is designed for performance and comfort. Perfect for daily use.
"Generate Product Description for product: Home, category: Home, audience: general, tone: professional",This Home Decor is designed for performance and comfort. Perfect for daily use.
"Generate Product Description for product: next-day, category: next-day, audience: general, tone: professional",This Fitness is designed for performance and comfort. Perfect for daily use.
"Generate Product Description for product: next-day, category: next-day, audience: general, tone: professional",This Fashion is designed for performance and comfort. Perfect for daily use.
"Generate Ad Copy for product: it’s, category: it’s, audience: general, tone: persuasive",Best-selling Fitness just got better. Hurry before it’s gone!
"Generate Ad Copy for product: it’s, category: it’s, audience: general, tone: persuasive",Best-selling Gaming just got better. Hurry before it’s gone!
"Generate Ad Copy for product: for, category: for, audience: general, tone: persuasive",Exclusive deals on Pet Supplies – only for today!
"Generate Product Description for product: save, category: save, audience: general, tone: professional","Built to last, this Fashion ensures satisfaction."
"Generate Product Description for product: of, category: of, audience: general, tone: professional",Experience the difference with this advanced Electronics.
"Generate Ad Copy for product: 70%, category: 70%, audience: general, tone: persuasive",Flash Sale! Fashion at up to 70% off!
"Generate Ad Copy for product: top-rated, category: top-rated, audience: general, tone: persuasive",Level up your experience with top-rated Fashion.
"Generate Ad Copy for product: save, category: save, audience: general, tone: persuasive",Upgrade your lifestyle with premium Pet Supplies. Shop now and save big!
"Generate Ad Copy for product: limited-time, category: limited-time, audience: general, tone: persuasive","Discover the latest in Gaming! Unbeatable prices, limited-time offer!"
"Generate Ad Copy for product: 70%, category: 70%, audience: general, tone: persuasive",Flash Sale! Pet Supplies at up to 70% off!
"Generate Product Description for product: it’s, category: it’s, audience: general, tone: professional",This Groceries is designed for performance and comfort. Perfect for daily use.
"Generate Ad Copy for product: of, category: of, audience: general, tone: persuasive",Get more for less with our new range of Toys!
"Generate Ad Copy for product: click, category: click, audience: general, tone: persuasive",Your dream Fashion is just a click away!
"Generate Product Description for product: next-day, category: next-day, audience: general, tone: professional",Bring home innovation with this state-of-the-art Books.
"Generate Product Description for product: limited-time, category: limited-time, audience: general, tone: professional","Versatile and affordable, this Sports is a customer favorite."
"Generate Product Description for product: for, category: for, audience: general, tone: professional",A must-have Gaming for enthusiasts and professionals alike.
"Generate Ad Copy for product: cutting-edge, category: cutting-edge, audience: general, tone: persuasive",Revolutionize your daily life with cutting-edge Sports.
"Generate Product Description for product: for, category: for, audience: general, tone: professional","Crafted with care, this Groceries suits every lifestyle."
"Generate Ad Copy for product: next-day, category: next-day, audience: general, tone: persuasive",Why wait? Shop Fashion with next-day delivery!
"Generate Product Description for product: click, category: click, audience: general, tone: professional","Versatile and affordable, this Pet Supplies is a customer favorite."
"Generate Product Description for product: limited-time, category: limited-time, audience: general, tone: professional","Lightweight, powerful, and sleek – this Gaming has it all."
"Generate Product Description for product: Home, category: Home, audience: general, tone: professional","Versatile and affordable, this Home Decor is a customer favorite."
"Generate Ad Copy for product: top-rated, category: top-rated, audience: general, tone: persuasive",Level up your experience with top-rated Fitness.
"Generate Product Description for product: save, category: save, audience: general, tone: professional",Redefine convenience with this top-quality Automotive.
"Generate Ad Copy for product: it’s, category: it’s, audience: general, tone: persuasive",Best-selling Books just got better. Hurry before it’s gone!
"Generate Product Description for product: limited-time, category: limited-time, audience: general, tone: professional",Experience the difference with this advanced Groceries.
"Generate Product Description for product: cutting-edge, category: cutting-edge, audience: general, tone: professional","Crafted with care, this Fitness suits every lifestyle."
"Generate Product Description for product: top-rated, category: top-rated, audience: general, tone: professional",This Books is designed for performance and comfort. Perfect for daily use.
"Generate Product Description for product: of, category: of, audience: general, tone: professional",Bring home innovation with this state-of-the-art Toys.
"Generate Product Description for product: it’s, category: it’s, audience: general, tone: professional",Redefine convenience with this top-quality Gaming.
"Generate Ad Copy for product: next-day, category: next-day, audience: general, tone: persuasive",Why wait? Shop Electronics with next-day delivery!
"Generate Ad Copy for product: Home, category: Home, audience: general, tone: persuasive",Get more for less with our new range of Home Decor!
"Generate Ad Copy for product: top-rated, category: top-rated, audience: general, tone: persuasive",Level up your experience with top-rated Beauty.
"Generate Ad Copy for product: Home, category: Home, audience: general, tone: persuasive",Level up your experience with top-rated Home Decor.
"Generate Product Description for product: top-rated, category: top-rated, audience: general, tone: professional","Versatile and affordable, this Sports is a customer favorite."
"Generate Ad Copy for product: limited-time, category: limited-time, audience: general, tone: persuasive","Discover the latest in Electronics! Unbeatable prices, limited-time offer!"
"Generate Product Description for product: it’s, category: it’s, audience: general, tone: professional","Crafted with care, this Electronics suits every lifestyle."
"Generate Ad Copy for product: limited-time, category: limited-time, audience: general, tone: persuasive","Discover the latest in Accessories! Unbeatable prices, limited-time offer!"
"Generate Product Description for product: 70%, category: 70%, audience: general, tone: professional",This Beauty is designed for performance and comfort. Perfect for daily use.
"Generate Ad Copy for product: limited-time, category: limited-time, audience: general, tone: persuasive","Discover the latest in Gaming! Unbeatable prices, limited-time offer!"
"Generate Product Description for product: of, category: of, audience: general, tone: professional",A must-have Sports for enthusiasts and professionals alike.
"Generate Product Description for product: click, category: click, audience: general, tone: professional","Built to last, this Books ensures satisfaction."
"Generate Ad Copy for product: top-rated, category: top-rated, audience: general, tone: persuasive",Level up your experience with top-rated Automotive.
"Generate Product Description for product: it’s, category: it’s, audience: general, tone: professional","Versatile and affordable, this Sports is a customer favorite."
"Generate Product Description for product: next-day, category: next-day, audience: general, tone: professional","Crafted with care, this Fashion suits every lifestyle."
"Generate Product Description for product: it’s, category: it’s, audience: general, tone: professional",This Toys is designed for performance and comfort. Perfect for daily use.
"Generate Product Description for product: it’s, category: it’s, audience: general, tone: professional","Crafted with care, this Beauty suits every lifestyle."
"Generate Ad Copy for product: next-day, category: next-day, audience: general, tone: persuasive",Why wait? Shop Groceries with next-day delivery!
"Generate Ad Copy for product: it’s, category: it’s, audience: general, tone: persuasive",Best-selling Groceries just got better. Hurry before it’s gone!
"Generate Product Description for product: 70%, category: 70%, audience: general, tone: professional","Lightweight, powerful, and sleek – this Toys has it all."
"Generate Ad Copy for product: for, category: for, audience: general, tone: persuasive",Exclusive deals on Fashion – only for today!
"Generate Ad Copy for product: save, category: save, audience: general, tone: persuasive",Upgrade your lifestyle with premium Accessories. Shop now and save big!
"Generate Ad Copy for product: for, category: for, audience: general, tone: persuasive",Exclusive deals on Fitness – only for today!
"Generate Product Description for product: next-day, category: next-day, audience: general, tone: professional",Redefine convenience with this top-quality Automotive.
"Generate Ad Copy for product: Pet, category: Pet, audience: general, tone: persuasive",Revolutionize your daily life with cutting-edge Pet Supplies.
"Generate Product Description for product: top-rated, category: top-rated, audience: general, tone: professional","Built to last, this Automotive ensures satisfaction."
"Generate Ad Copy for product: save, category: save, audience: general, tone: persuasive",Upgrade your lifestyle with premium Groceries. Shop now and save big!
"Generate Ad Copy for product: it’s, category: it’s, audience: general, tone: persuasive",Best-selling Electronics just got better. Hurry before it’s gone!
"Generate Ad Copy for product: of, category: of, audience: general, tone: persuasive",Get more for less with our new range of Gaming!
"Generate Ad Copy for product: 70%, category: 70%, audience: general, tone: persuasive",Flash Sale! Sports at up to 70% off!
"Generate Ad Copy for product: cutting-edge, category: cutting-edge, audience: general, tone: persuasive",Revolutionize your daily life with cutting-edge Groceries.
"Generate Ad Copy for product: it’s, category: it’s, audience: general, tone: persuasive",Best-selling Fashion just got better. Hurry before it’s gone!
"Generate Product Description for product: next-day, category: next-day, audience: general, tone: professional","Versatile and affordable, this Fitness is a customer favorite."
"Generate Product Description for product: 70%, category: 70%, audience: general, tone: professional",Bring home innovation with this state-of-the-art Electronics.
"Generate Product Description for product: save, category: save, audience: general, tone: professional",Experience the difference with this advanced Pet Supplies.
"Generate Ad Copy for product: limited-time, category: limited-time, audience: general, tone: persuasive","Discover the latest in Automotive! Unbeatable prices, limited-time offer!"
"Generate Ad Copy for product: save, category: save, audience: general, tone: persuasive",Upgrade your lifestyle with premium Toys. Shop now and save big!
"Generate Ad Copy for product: it’s, category: it’s, audience: general, tone: persuasive",Best-selling Accessories just got better. Hurry before it’s gone!
"Generate Ad Copy for product: click, category: click, audience: general, tone: persuasive",Your dream Beauty is just a click away!
"Generate Product Description for product: next-day, category: next-day, audience: general, tone: professional",Bring home innovation with this state-of-the-art Fitness.
"Generate Product Description for product: save, category: save, audience: general, tone: professional",Bring home innovation with this state-of-the-art Electronics.
"Generate Product Description for product: it’s, category: it’s, audience: general, tone: professional","Made from premium materials, this Fashion combines style and durability."
"Generate Product Description for product: Pet, category: Pet, audience: general, tone: professional",Experience the difference with this advanced Pet Supplies.
"Generate Ad Copy for product: top-rated, category: top-rated, audience: general, tone: persuasive",Level up your experience with top-rated Sports.
"Generate Ad Copy for product: cutting-edge, category: cutting-edge, audience: general, tone: persuasive",Revolutionize your daily life with cutting-edge Accessories.
"Generate Ad Copy for product: 70%, category: 70%, audience: general, tone: persuasive",Flash Sale! Fashion at up to 70% off!
"Generate Product Description for product: limited-time, category: limited-time, audience: general, tone: professional",Redefine convenience with this top-quality Electronics.
"Generate Ad Copy for product: next-day, category: next-day, audience: general, tone: persuasive",Why wait? Shop Fitness with next-day delivery!
"Generate Ad Copy for product: cutting-edge, category: cutting-edge, audience: general, tone: persuasive",Revolutionize your daily life with cutting-edge Beauty.
"Generate Product Description for product: next-day, category: next-day, audience: general, tone: professional",A must-have Beauty for enthusiasts and professionals alike.
"Generate Product Description for product: limited-time, category: limited-time, audience: general, tone: professional","Crafted with care, this Sports suits every lifestyle."
"Generate Ad Copy for product: click, category: click, audience: general, tone: persuasive",Your dream Pet Supplies is just a click away!
"Generate Ad Copy for product: 70%, category: 70%, audience: general, tone: persuasive",Flash Sale! Groceries at up to 70% off!
"Generate Ad Copy for product: next-day, category: next-day, audience: general, tone: persuasive",Why wait? Shop Gaming with next-day delivery!
"Generate Ad Copy for product: limited-time, category: limited-time, audience: general, tone: persuasive","Discover the latest in Toys! Unbeatable prices, limited-time offer!"
"Generate Product Description for product: next-day, category: next-day, audience: general, tone: professional",Bring home innovation with this state-of-the-art Toys.
"Generate Ad Copy for product: it’s, category: it’s, audience: general, tone: persuasive",Best-selling Sports just got better. Hurry before it’s gone!
"Generate Ad Copy for product: top-rated, category: top-rated, audience: general, tone: persuasive",Level up your experience with top-rated Sports.
"Generate Ad Copy for product: save, category: save, audience: general, tone: persuasive",Upgrade your lifestyle with premium Sports. Shop now and save big!
"Generate Ad Copy for product: save, category: save, audience: general, tone: persuasive",Upgrade your lifestyle with premium Electronics. Shop now and save big!
"Generate Ad Copy for product: cutting-edge, category: cutting-edge, audience: general, tone: persuasive",Revolutionize your daily life with cutting-edge Gaming.
"Generate Ad Copy for product: 70%, category: 70%, audience: general, tone: persuasive",Flash Sale! Fashion at up to 70% off!
"Generate Product Description for product: top-rated, category: top-rated, audience: general, tone: professional",Experience the difference with this advanced Groceries.
"Generate Product Description for product: next-day, category: next-day, audience: general, tone: professional",Redefine convenience with this top-quality Fitness.
"Generate Ad Copy for product: click, category: click, audience: general, tone: persuasive",Your dream Toys is just a click away!
"Generate Product Description for product: top-rated, category: top-rated, audience: general, tone: professional","Lightweight, powerful, and sleek – this Gaming has it all."
"Generate Ad Copy for product: 70%, category: 70%, audience: general, tone: persuasive",Flash Sale! Gaming at up to 70% off!
"Generate Product Description for product: it’s, category: it’s, audience: general, tone: professional",Redefine convenience with this top-quality Books.
"Generate Ad Copy for product: it’s, category: it’s, audience: general, tone: persuasive",Best-selling Electronics just got better. Hurry before it’s gone!
"Generate Product Description for product: of, category: of, audience: general, tone: professional",Bring home innovation with this state-of-the-art Electronics.
"Generate Ad Copy for product: for, category: for, audience: general, tone: persuasive",Exclusive deals on Books – only for today!
"Generate Ad Copy for product: next-day, category: next-day, audience: general, tone: persuasive",Why wait? Shop Automotive with next-day delivery!
"Generate Product Description for product: it’s, category: it’s, audience: general, tone: professional","Crafted with care, this Groceries suits every lifestyle."
